epoch,time,train/box_loss,train/cls_loss,train/dfl_loss,metrics/precision(B),metrics/recall(B),metrics/mAP50(B),metrics/mAP50-95(B),val/box_loss,val/cls_loss,val/dfl_loss,lr/pg0,lr/pg1,lr/pg2
1,76.4766,3.69002,12.0085,0.06343,1e-05,0.01333,0,0,4.40094,15.7098,0.10417,0.002,0.002,0.082
2,128.644,3.66547,10.487,0.06402,1e-05,0.01333,0,0,4.35833,15.4983,0.10326,0.00409188,0.00409188,0.0630919
3,182.06,3.55743,9.51565,0.06024,1e-05,0.01333,0,0,4.28974,15.1867,0.10184,0.00617545,0.00617545,0.0441754
4,233.458,3.519,8.73953,0.06214,7e-05,0.06667,5e-05,1e-05,4.21321,12.5673,0.09999,0.0082507,0.0082507,0.0252507
5,284.482,3.30007,7.23494,0.05801,0.40022,0.00476,0.00015,7e-05,nan,nan,nan,0.0099208,0.0099208,0.0099208
6,334.845,3.02368,5.32533,0.0528,0.00108,0.12381,0.00071,0.00019,nan,nan,nan,0.009901,0.009901,0.009901
7,383.149,2.82545,4.33425,0.04966,0.00243,0.24238,0.00264,0.00079,nan,nan,nan,0.0098812,0.0098812,0.0098812
8,432.347,2.63409,3.84702,0.04578,0.0064,0.49063,0.01712,0.00668,2.21349,5.75639,0.05246,0.0098614,0.0098614,0.0098614
9,482.375,2.37843,3.59289,0.03946,0.46044,0.09429,0.05614,0.02151,2.53804,3.53981,0.05957,0.0098416,0.0098416,0.0098416
10,534.288,2.19888,3.35598,0.03517,0.30648,0.12175,0.05894,0.02122,2.71781,3.68775,0.06424,0.0098218,0.0098218,0.0098218
11,588.371,2.07161,3.10954,0.03268,0.27313,0.08317,0.031,0.01273,2.60473,3.71603,0.0601,0.009802,0.009802,0.009802
12,641.232,1.93641,2.87466,0.03049,0.27585,0.02921,0.01506,0.00616,2.34704,4.15016,0.05263,0.0097822,0.0097822,0.0097822
13,692.356,1.84613,2.74513,0.02819,0.313,0.18651,0.10975,0.0537,1.79719,3.39608,0.04148,0.0097624,0.0097624,0.0097624
14,742.55,1.77602,2.56494,0.02711,0.42242,0.14317,0.16684,0.09332,1.62638,3.15215,0.03579,0.0097426,0.0097426,0.0097426
15,792.037,1.73057,2.45345,0.02645,0.44944,0.27397,0.21836,0.11732,1.49601,2.50591,0.03262,0.0097228,0.0097228,0.0097228
16,842.335,1.67218,2.32393,0.02489,0.56057,0.12127,0.14491,0.06313,2.27036,4.0431,0.05632,0.009703,0.009703,0.009703
17,896.451,1.6127,2.2049,0.0243,0.52958,0.34727,0.30153,0.17096,1.62602,2.26127,0.03455,0.0096832,0.0096832,0.0096832
18,949.467,1.59501,2.14224,0.02404,0.46236,0.22175,0.25705,0.13968,1.85787,2.93839,0.04335,0.0096634,0.0096634,0.0096634
19,1002.24,1.59429,2.05689,0.02396,0.48992,0.37,0.32277,0.19679,1.46402,2.43537,0.03184,0.0096436,0.0096436,0.0096436
20,1056.81,1.5486,2.03815,0.02293,0.54422,0.39762,0.31748,0.165,1.64577,2.28656,0.03626,0.0096238,0.0096238,0.0096238
21,1111.28,1.5239,1.9837,0.02305,0.47753,0.36952,0.29669,0.18264,1.50716,2.19032,0.03249,0.009604,0.009604,0.009604
22,1164.47,1.50766,1.89376,0.02261,0.56312,0.31029,0.31346,0.17839,1.669,2.34218,0.03851,0.0095842,0.0095842,0.0095842
23,1216.7,1.50219,1.90043,0.02248,0.63479,0.43874,0.45887,0.30152,1.32492,1.78583,0.0288,0.0095644,0.0095644,0.0095644
24,1269.91,1.48549,1.8856,0.02158,0.60721,0.38463,0.40461,0.28326,1.29638,1.82918,0.02773,0.0095446,0.0095446,0.0095446
25,1323.84,1.48673,1.77119,0.02182,0.57274,0.42079,0.36957,0.23843,1.29863,1.92593,0.02841,0.0095248,0.0095248,0.0095248
26,1375.91,1.4527,1.74921,0.02114,0.62095,0.42549,0.43538,0.29218,1.30873,1.66054,0.02847,0.009505,0.009505,0.009505
27,1428.42,1.46542,1.7688,0.02135,0.73453,0.40738,0.53023,0.36193,1.37918,1.60469,0.02935,0.0094852,0.0094852,0.0094852
28,1478.86,1.44322,1.67655,0.02127,0.52743,0.4274,0.42046,0.27566,1.34547,1.88658,0.0292,0.0094654,0.0094654,0.0094654
29,1529.1,1.44095,1.72121,0.0213,0.53357,0.43524,0.38805,0.25329,1.31984,2.01508,0.02868,0.0094456,0.0094456,0.0094456
30,1581.29,1.43248,1.66349,0.02102,0.6872,0.44302,0.52372,0.34931,1.33385,1.56372,0.02962,0.0094258,0.0094258,0.0094258
31,1634.51,1.38273,1.64844,0.01971,0.57345,0.45587,0.4595,0.31119,1.24757,1.75957,0.02729,0.009406,0.009406,0.009406
32,1687.93,1.42458,1.59435,0.0212,0.66995,0.54417,0.52386,0.36772,1.26455,1.46397,0.02733,0.0093862,0.0093862,0.0093862
33,1742.48,1.3655,1.53965,0.01937,0.63015,0.51784,0.51929,0.34687,1.23768,1.76279,0.02631,0.0093664,0.0093664,0.0093664
34,1796.29,1.39423,1.57227,0.01997,0.73138,0.41321,0.46328,0.30356,1.44879,1.64602,0.03162,0.0093466,0.0093466,0.0093466
35,1847.58,1.35642,1.54446,0.01989,0.62216,0.52666,0.51562,0.36984,1.19722,1.46116,0.026,0.0093268,0.0093268,0.0093268
36,1896.15,1.33805,1.47443,0.01906,0.69922,0.55543,0.58339,0.41599,1.20238,1.23753,0.02663,0.009307,0.009307,0.009307
37,1948.16,1.36503,1.5379,0.01974,0.62022,0.53912,0.53739,0.37934,1.16077,1.45788,0.02509,0.0092872,0.0092872,0.0092872
38,1982.12,1.3435,1.49045,0.01916,0.69481,0.5046,0.54299,0.39098,1.12146,1.49992,0.02348,0.0092674,0.0092674,0.0092674
39,2008.89,1.33267,1.48149,0.01915,0.70071,0.49377,0.56983,0.39124,1.15445,1.35404,0.02398,0.0092476,0.0092476,0.0092476
40,2035.49,1.32767,1.44006,0.01898,0.88331,0.49061,0.62705,0.45805,1.08476,1.1966,0.02305,0.0092278,0.0092278,0.0092278
41,2062.22,1.33294,1.47147,0.01902,0.77946,0.53419,0.64454,0.47597,1.12841,1.18229,0.02494,0.009208,0.009208,0.009208
42,2088.75,1.29892,1.42451,0.01863,0.76048,0.56732,0.65572,0.47075,1.13733,1.14365,0.02414,0.0091882,0.0091882,0.0091882
43,2115.44,1.30966,1.45583,0.01876,0.74775,0.59402,0.63688,0.46519,1.05563,1.16872,0.02243,0.0091684,0.0091684,0.0091684
44,2141.96,1.32299,1.38352,0.01921,0.75441,0.5917,0.62986,0.43205,1.16992,1.25514,0.02503,0.0091486,0.0091486,0.0091486
45,2172.93,1.27544,1.37756,0.01823,0.74478,0.56556,0.61612,0.45529,1.06781,1.3067,0.02229,0.0091288,0.0091288,0.0091288
46,2204.16,1.28285,1.38408,0.01831,0.71362,0.5654,0.61547,0.45984,1.09463,1.29364,0.02321,0.009109,0.009109,0.009109
47,2239,1.30267,1.34645,0.01816,0.81896,0.58349,0.69431,0.52535,1.01245,1.21523,0.02065,0.0090892,0.0090892,0.0090892
48,2283.4,1.27192,1.3483,0.01814,0.76378,0.57982,0.64171,0.45581,1.14356,1.15279,0.02453,0.0090694,0.0090694,0.0090694
49,2330.41,1.29278,1.35648,0.01846,0.8135,0.48206,0.6006,0.44069,1.02797,1.33269,0.02186,0.0090496,0.0090496,0.0090496
50,2355.71,1.27977,1.31403,0.01849,0.79734,0.49413,0.62457,0.44286,1.13015,1.15146,0.0243,0.0090298,0.0090298,0.0090298
51,2389.59,1.28235,1.29517,0.01851,0.74878,0.57351,0.68521,0.4977,1.12111,1.21578,0.02358,0.00901,0.00901,0.00901
52,2417.54,1.24899,1.30525,0.01773,0.76619,0.54091,0.58871,0.44576,1.06577,1.33293,0.02252,0.0089902,0.0089902,0.0089902
53,2451.39,1.24889,1.26334,0.01751,0.79866,0.64175,0.71809,0.52853,1.0779,0.98559,0.02276,0.0089704,0.0089704,0.0089704
54,2501.63,1.24456,1.24954,0.01771,0.84974,0.5896,0.69052,0.49663,1.15044,1.0454,0.0247,0.0089506,0.0089506,0.0089506
55,2550.91,1.25378,1.27854,0.01833,0.80761,0.57067,0.68576,0.50169,1.09839,1.10178,0.0229,0.0089308,0.0089308,0.0089308
56,2599.96,1.26218,1.2807,0.01753,0.73366,0.5646,0.63673,0.48745,1.04475,1.13798,0.02219,0.008911,0.008911,0.008911
57,2651.16,1.25137,1.22611,0.01798,0.80077,0.64702,0.79349,0.57396,1.05201,0.92946,0.02247,0.0088912,0.0088912,0.0088912
58,2704.28,1.26207,1.25962,0.01802,0.77575,0.5764,0.68503,0.49737,1.06388,1.07943,0.02284,0.0088714,0.0088714,0.0088714
59,2756.4,1.23404,1.22344,0.0176,0.84807,0.59659,0.74711,0.56118,1.02406,0.86282,0.02153,0.0088516,0.0088516,0.0088516
60,2808.66,1.24296,1.20766,0.01792,0.8246,0.56271,0.65036,0.4863,1.01831,1.09039,0.02147,0.0088318,0.0088318,0.0088318
61,2859.96,1.22107,1.19824,0.01714,0.88441,0.59648,0.7404,0.56443,1.0179,0.89058,0.02191,0.008812,0.008812,0.008812
62,2911.02,1.22413,1.17392,0.01683,0.78149,0.64595,0.7356,0.55459,0.99517,0.93999,0.02086,0.0087922,0.0087922,0.0087922
63,2960.76,1.22864,1.17918,0.01747,0.74847,0.68312,0.73402,0.54212,1.00374,0.88522,0.02159,0.0087724,0.0087724,0.0087724
64,3011.88,1.20529,1.18259,0.01687,0.80864,0.7086,0.79453,0.60947,0.96531,0.85511,0.02,0.0087526,0.0087526,0.0087526
65,3064.07,1.1825,1.14976,0.01683,0.79282,0.65305,0.73916,0.5627,0.94694,0.92716,0.01976,0.0087328,0.0087328,0.0087328
66,3115.8,1.23634,1.16224,0.01789,0.85215,0.62804,0.75648,0.55831,1.01807,0.89023,0.02185,0.008713,0.008713,0.008713
67,3166.62,1.21461,1.16464,0.01726,0.87381,0.65447,0.74374,0.55918,1.00563,0.88093,0.02139,0.0086932,0.0086932,0.0086932
68,3218.61,1.21176,1.14387,0.01717,0.86581,0.66705,0.77104,0.59164,0.91191,0.88954,0.01894,0.0086734,0.0086734,0.0086734
69,3267.58,1.20142,1.14073,0.01704,0.87527,0.64129,0.77318,0.60088,0.90718,0.84184,0.01912,0.0086536,0.0086536,0.0086536
70,3317.88,1.19875,1.13878,0.01663,0.92323,0.64765,0.8127,0.62819,0.96887,0.75554,0.02054,0.0086338,0.0086338,0.0086338
71,3366.94,1.19626,1.15781,0.01715,0.8666,0.63779,0.82472,0.6374,0.96277,0.79475,0.02012,0.008614,0.008614,0.008614
72,3419.2,1.20556,1.12834,0.017,0.7153,0.81848,0.84266,0.63478,1.03219,0.69421,0.02225,0.0085942,0.0085942,0.0085942
73,3472.72,1.20194,1.12355,0.01683,0.87138,0.6768,0.81851,0.62846,0.90404,0.73519,0.01878,0.0085744,0.0085744,0.0085744
74,3522.85,1.18326,1.11476,0.01631,0.83287,0.64159,0.75564,0.57838,0.93774,0.95269,0.01944,0.0085546,0.0085546,0.0085546
75,3573.9,1.16791,1.1251,0.01613,0.88172,0.5831,0.77754,0.59978,0.9667,0.91187,0.02068,0.0085348,0.0085348,0.0085348
76,3620.89,1.18063,1.08163,0.01626,0.89394,0.59498,0.79439,0.61743,0.95895,0.82809,0.01993,0.008515,0.008515,0.008515
77,3670.75,1.18243,1.08848,0.01665,0.8055,0.64492,0.80538,0.60898,0.93444,0.8275,0.01953,0.0084952,0.0084952,0.0084952
78,3720.37,1.16606,1.10353,0.01578,0.75456,0.76222,0.81765,0.62078,0.95016,0.70247,0.02,0.0084754,0.0084754,0.0084754
79,3771.2,1.17603,1.10835,0.01651,0.82118,0.68313,0.85365,0.63231,1.03888,0.78449,0.02178,0.0084556,0.0084556,0.0084556
80,3822.51,1.15735,1.09427,0.01583,0.84083,0.61571,0.72417,0.56588,0.96623,0.94345,0.01987,0.0084358,0.0084358,0.0084358
81,3873.43,1.19707,1.08291,0.01711,0.71896,0.73379,0.78908,0.59,1.01687,0.86765,0.02114,0.008416,0.008416,0.008416
82,3925.54,1.15604,1.06469,0.01595,0.89598,0.67618,0.82032,0.61994,0.99894,0.7556,0.0208,0.0083962,0.0083962,0.0083962
83,3976.84,1.15856,1.07394,0.01624,0.92574,0.6179,0.8105,0.6099,0.97867,0.71025,0.02105,0.0083764,0.0083764,0.0083764
84,4028.43,1.1707,1.05054,0.01643,0.87424,0.6745,0.8887,0.65124,0.99002,0.72585,0.02061,0.0083566,0.0083566,0.0083566
85,4080.01,1.15281,1.01779,0.01581,0.90953,0.62249,0.81423,0.62078,0.95824,0.77643,0.01936,0.0083368,0.0083368,0.0083368
86,4131.47,1.15423,1.02956,0.01606,0.80181,0.66096,0.80945,0.60124,1.01228,0.832,0.02114,0.008317,0.008317,0.008317
87,4182.81,1.15161,1.03955,0.01602,0.57295,0.75694,0.79186,0.62208,0.90417,0.74804,0.01856,0.0082972,0.0082972,0.0082972
88,4233.93,1.14904,1.06773,0.01569,0.82785,0.68704,0.77502,0.60001,0.94288,0.77726,0.0194,0.0082774,0.0082774,0.0082774
89,4284.82,1.14308,1.00205,0.016,0.9042,0.66317,0.8053,0.61744,0.9851,0.713,0.0208,0.0082576,0.0082576,0.0082576
90,4334.92,1.13708,1.0168,0.01574,0.91057,0.6146,0.77714,0.56809,1.03605,0.92454,0.02156,0.0082378,0.0082378,0.0082378
91,4383.52,1.1283,0.9991,0.0154,0.80792,0.75669,0.87659,0.67058,0.92497,0.65185,0.0187,0.008218,0.008218,0.008218
92,4432.67,1.16303,0.9975,0.01602,0.73442,0.81762,0.9105,0.70081,0.88952,0.58487,0.01786,0.0081982,0.0081982,0.0081982
93,4484.38,1.13412,0.98863,0.01571,0.82481,0.77416,0.85258,0.64851,0.89972,0.68397,0.01865,0.0081784,0.0081784,0.0081784
94,4535.81,1.13283,1.02174,0.01567,0.73845,0.73686,0.79776,0.60496,0.94863,0.6964,0.02,0.0081586,0.0081586,0.0081586
95,4587.81,1.13065,1.00745,0.01549,0.69986,0.8459,0.90333,0.6868,0.87496,0.61589,0.01789,0.0081388,0.0081388,0.0081388
96,4638.97,1.09719,0.96933,0.01519,0.76135,0.8019,0.88137,0.68239,0.81987,0.62241,0.01679,0.008119,0.008119,0.008119
97,4689.24,1.13854,1.0215,0.01539,0.74079,0.80076,0.82838,0.67729,0.83616,0.62993,0.01733,0.0080992,0.0080992,0.0080992
98,4740.21,1.1147,0.94777,0.01597,0.76082,0.81787,0.89634,0.70348,0.88415,0.58424,0.0183,0.0080794,0.0080794,0.0080794
99,4787.74,1.13254,0.95559,0.01593,0.92287,0.69206,0.84098,0.6562,0.89644,0.66384,0.01833,0.0080596,0.0080596,0.0080596
100,4840.92,1.1225,0.98289,0.01554,0.7612,0.8214,0.87278,0.68227,0.88009,0.67551,0.01812,0.0080398,0.0080398,0.0080398
101,4892.95,1.10915,0.96061,0.0152,0.9327,0.72152,0.8913,0.67982,0.8989,0.65335,0.01867,0.00802,0.00802,0.00802
102,4942.68,1.11813,0.98522,0.01535,0.71433,0.85143,0.86782,0.66597,0.97128,0.63663,0.02062,0.0080002,0.0080002,0.0080002
103,4993.49,1.11653,0.93646,0.01587,0.84141,0.82063,0.87083,0.68772,0.85482,0.6228,0.01751,0.0079804,0.0079804,0.0079804
104,5044.32,1.09552,0.91847,0.01508,0.82694,0.80601,0.90282,0.70314,0.8571,0.56703,0.01747,0.0079606,0.0079606,0.0079606
105,5093.11,1.1171,0.96582,0.0155,0.66561,0.77905,0.83998,0.63117,0.95316,0.67133,0.02006,0.0079408,0.0079408,0.0079408
106,5140.28,1.10146,0.94049,0.01501,0.87507,0.74298,0.89053,0.68292,0.84874,0.62676,0.01771,0.007921,0.007921,0.007921
107,5192.44,1.11273,0.93394,0.01561,0.80675,0.66282,0.76192,0.61659,0.86828,0.84868,0.01809,0.0079012,0.0079012,0.0079012
108,5244.71,1.08474,0.92783,0.01506,0.88444,0.79591,0.91938,0.72191,0.87704,0.5363,0.01788,0.0078814,0.0078814,0.0078814
109,5296.01,1.10144,0.93426,0.01521,0.8554,0.84762,0.91116,0.71483,0.82857,0.51923,0.01695,0.0078616,0.0078616,0.0078616
110,5347.35,1.08343,0.9043,0.01503,0.92578,0.81034,0.91524,0.73447,0.835,0.51139,0.0169,0.0078418,0.0078418,0.0078418
111,5398.76,1.10205,0.89621,0.01542,0.7026,0.80296,0.89767,0.73023,0.79817,0.51055,0.01627,0.007822,0.007822,0.007822
112,5443.75,1.07899,0.95717,0.01484,0.8234,0.86,0.91903,0.72007,0.85663,0.55758,0.01784,0.0078022,0.0078022,0.0078022
113,5486.23,1.1008,0.92187,0.01521,0.81943,0.8142,0.92641,0.72966,0.81554,0.49636,0.01615,0.0077824,0.0077824,0.0077824
114,5530.35,1.10792,0.92792,0.01538,0.87166,0.8417,0.89503,0.70575,0.85158,0.61,0.01754,0.0077626,0.0077626,0.0077626
115,5577.18,1.08386,0.93284,0.01466,0.77908,0.79188,0.87429,0.70242,0.81588,0.55695,0.01648,0.0077428,0.0077428,0.0077428
116,5622.31,1.08664,0.90041,0.01515,0.79821,0.87764,0.92247,0.72949,0.818,0.54233,0.01639,0.007723,0.007723,0.007723
117,5668.77,1.07185,0.87185,0.0148,0.8823,0.78511,0.93341,0.71236,0.93543,0.56981,0.01954,0.0077032,0.0077032,0.0077032
118,5714.55,1.06615,0.89325,0.01495,0.91154,0.82364,0.9115,0.72482,0.82319,0.42478,0.01657,0.0076834,0.0076834,0.0076834
119,5760.95,1.10246,0.88366,0.01521,0.82957,0.83183,0.91148,0.70752,0.86219,0.56332,0.01764,0.0076636,0.0076636,0.0076636
120,5806.82,1.05796,0.85812,0.01504,0.788,0.83061,0.92524,0.72058,0.82165,0.57297,0.01682,0.0076438,0.0076438,0.0076438
121,5852.6,1.08813,0.89663,0.01464,0.74804,0.78618,0.86351,0.67895,0.84843,0.61157,0.0172,0.007624,0.007624,0.007624
122,5899.65,1.08183,0.87885,0.01502,0.85803,0.83275,0.9346,0.74717,0.80028,0.52993,0.01632,0.0076042,0.0076042,0.0076042
123,5946.71,1.07224,0.86114,0.01447,0.83131,0.92952,0.94907,0.76224,0.77571,0.50222,0.01535,0.0075844,0.0075844,0.0075844
124,5994.31,1.06689,0.87332,0.01454,0.93837,0.80598,0.92579,0.73694,0.81716,0.48818,0.01667,0.0075646,0.0075646,0.0075646
125,6041.38,1.0392,0.8514,0.01433,0.88163,0.81999,0.90438,0.73458,0.77606,0.5194,0.01571,0.0075448,0.0075448,0.0075448
126,6087.49,1.0772,0.88428,0.01502,0.81212,0.84116,0.9157,0.73051,0.82253,0.50397,0.01689,0.007525,0.007525,0.007525
127,6134.19,1.06808,0.87697,0.01456,0.88796,0.79194,0.94218,0.74375,0.79293,0.51865,0.01606,0.0075052,0.0075052,0.0075052
128,6178.34,1.06342,0.85906,0.01464,0.89665,0.80117,0.90236,0.7288,0.79307,0.54657,0.01603,0.0074854,0.0074854,0.0074854
129,6223.91,1.04146,0.85112,0.0144,0.85211,0.8,0.91517,0.72757,0.76361,0.59087,0.01538,0.0074656,0.0074656,0.0074656
130,6270.45,1.05687,0.84649,0.01449,0.91371,0.82176,0.92595,0.75954,0.74411,0.4434,0.01476,0.0074458,0.0074458,0.0074458
131,6317.4,1.04351,0.86968,0.01421,0.7427,0.89558,0.94697,0.77212,0.77099,0.52352,0.01544,0.007426,0.007426,0.007426
132,6364.28,1.06412,0.84112,0.01424,0.87017,0.8545,0.93458,0.75704,0.76988,0.50147,0.01524,0.0074062,0.0074062,0.0074062
133,6409.27,1.04105,0.8255,0.01485,0.87942,0.83627,0.93967,0.78233,0.70892,0.48748,0.01397,0.0073864,0.0073864,0.0073864
134,6455.62,1.0277,0.84121,0.01444,0.93215,0.86347,0.94244,0.77513,0.73221,0.43258,0.01467,0.0073666,0.0073666,0.0073666
135,6501.67,1.04956,0.85594,0.01453,0.92824,0.79335,0.91462,0.75804,0.75441,0.49106,0.01531,0.0073468,0.0073468,0.0073468
136,6548.05,1.04894,0.83408,0.01454,0.88319,0.84483,0.92484,0.73715,0.77526,0.5018,0.01569,0.007327,0.007327,0.007327
137,6593.27,1.02199,0.78171,0.01441,0.87224,0.8035,0.90011,0.74467,0.76412,0.49942,0.0153,0.0073072,0.0073072,0.0073072
138,6640.05,1.03855,0.84671,0.01387,0.89254,0.80082,0.91572,0.74358,0.72199,0.48604,0.01475,0.0072874,0.0072874,0.0072874
139,6685.64,1.01587,0.81002,0.01371,0.94533,0.86273,0.94303,0.78498,0.69476,0.38526,0.01384,0.0072676,0.0072676,0.0072676
140,6731.65,1.05276,0.83213,0.01452,0.86822,0.89805,0.93774,0.77064,0.74785,0.39814,0.01494,0.0072478,0.0072478,0.0072478
141,6777.68,1.04788,0.83338,0.01432,0.94283,0.82045,0.95778,0.78426,0.73678,0.46045,0.01487,0.007228,0.007228,0.007228
142,6823.99,1.02583,0.80256,0.01435,0.92438,0.81262,0.90814,0.72936,0.78316,0.51628,0.01579,0.0072082,0.0072082,0.0072082
143,6873.52,1.04974,0.83263,0.01443,0.93711,0.80685,0.95547,0.7751,0.73465,0.44737,0.0145,0.0071884,0.0071884,0.0071884
144,6921.6,1.0275,0.79226,0.01448,0.90964,0.85425,0.93603,0.77348,0.75328,0.44051,0.01527,0.0071686,0.0071686,0.0071686
145,6966.89,1.01756,0.81765,0.01403,0.9378,0.77212,0.88957,0.72824,0.76455,0.51748,0.015,0.0071488,0.0071488,0.0071488
146,7013.1,1.02261,0.81349,0.01402,0.93728,0.83375,0.9008,0.71962,0.79423,0.45602,0.01561,0.007129,0.007129,0.007129
147,7060.02,1.01903,0.80069,0.01405,0.93596,0.86738,0.93759,0.77296,0.72736,0.41795,0.01466,0.0071092,0.0071092,0.0071092
148,7106.21,1.02646,0.81676,0.01404,0.89609,0.90642,0.95957,0.7856,0.73209,0.35262,0.01481,0.0070894,0.0070894,0.0070894
149,7153.41,1.01005,0.76438,0.01383,0.91251,0.8804,0.94332,0.78243,0.70447,0.43284,0.01397,0.0070696,0.0070696,0.0070696
150,7199.59,1.00041,0.76332,0.0142,0.82497,0.91186,0.96932,0.80603,0.71203,0.43762,0.01456,0.0070498,0.0070498,0.0070498
151,7244.83,1.00059,0.77815,0.01367,0.89468,0.90232,0.93634,0.79064,0.6892,0.45162,0.0137,0.00703,0.00703,0.00703
152,7290.51,1.00953,0.78645,0.01392,0.90309,0.94121,0.95944,0.80173,0.70948,0.32603,0.0145,0.0070102,0.0070102,0.0070102
153,7335.1,0.99136,0.76092,0.01358,0.89937,0.91905,0.96249,0.80352,0.70487,0.41199,0.01385,0.0069904,0.0069904,0.0069904
154,7380.38,1.00399,0.75609,0.01352,0.96121,0.89907,0.9584,0.78981,0.68253,0.40637,0.01374,0.0069706,0.0069706,0.0069706
155,7427.11,0.98374,0.73982,0.01322,0.94016,0.86346,0.9533,0.81363,0.68142,0.38098,0.0136,0.0069508,0.0069508,0.0069508
156,7471.95,1.00408,0.73375,0.01342,0.92789,0.94774,0.97186,0.80668,0.71339,0.34152,0.01431,0.006931,0.006931,0.006931
157,7517.5,0.97936,0.74829,0.0135,0.90527,0.88435,0.94785,0.79056,0.71185,0.3803,0.01445,0.0069112,0.0069112,0.0069112
158,7561.19,0.99316,0.76178,0.01362,0.92137,0.92851,0.98135,0.80817,0.66782,0.35847,0.01313,0.0068914,0.0068914,0.0068914
159,7606.81,0.98963,0.75411,0.01349,0.87774,0.93311,0.95498,0.80085,0.69884,0.30735,0.0142,0.0068716,0.0068716,0.0068716
160,7651.66,1.01697,0.77741,0.01382,0.87793,0.88416,0.93618,0.77272,0.67304,0.40682,0.01349,0.0068518,0.0068518,0.0068518
161,7696.9,0.99906,0.77907,0.01354,0.94594,0.80419,0.95135,0.77084,0.76981,0.47443,0.01546,0.006832,0.006832,0.006832
162,7742.71,0.99986,0.77918,0.01346,0.98655,0.90216,0.95634,0.79911,0.6668,0.3242,0.01319,0.0068122,0.0068122,0.0068122
163,7787.2,0.99892,0.78586,0.01378,0.94493,0.84794,0.95092,0.7974,0.68667,0.37116,0.01387,0.0067924,0.0067924,0.0067924
164,7832.62,0.99079,0.75101,0.01341,0.92641,0.80767,0.95471,0.78996,0.70082,0.42419,0.01431,0.0067726,0.0067726,0.0067726
165,7879.57,0.98922,0.74247,0.01368,0.89536,0.89444,0.9494,0.77862,0.71737,0.44524,0.01473,0.0067528,0.0067528,0.0067528
166,7925.49,0.97377,0.75957,0.01319,0.90611,0.87379,0.93965,0.79171,0.6829,0.38525,0.0139,0.006733,0.006733,0.006733
167,7970.38,0.97826,0.73465,0.01342,0.95442,0.88466,0.96561,0.81443,0.66094,0.3701,0.01324,0.0067132,0.0067132,0.0067132
168,8015.29,0.97996,0.74691,0.0133,0.95264,0.86916,0.96323,0.81902,0.68145,0.37944,0.01375,0.0066934,0.0066934,0.0066934
169,8060.42,0.97444,0.77584,0.0132,0.94145,0.93282,0.97769,0.80428,0.70098,0.38367,0.01417,0.0066736,0.0066736,0.0066736
170,8105.79,0.97483,0.72491,0.01346,0.95489,0.85799,0.95522,0.79829,0.69436,0.35546,0.0142,0.0066538,0.0066538,0.0066538
171,8151.55,0.98829,0.75624,0.0134,0.93816,0.9017,0.97265,0.80597,0.70541,0.38693,0.01444,0.006634,0.006634,0.006634
172,8196.8,0.96847,0.74995,0.01299,0.94382,0.92107,0.9593,0.81352,0.69539,0.35821,0.01426,0.0066142,0.0066142,0.0066142
173,8242.73,0.95831,0.72367,0.01271,0.95538,0.94701,0.96784,0.81605,0.66769,0.3207,0.01374,0.0065944,0.0065944,0.0065944
174,8287.8,0.96328,0.73279,0.01288,0.97317,0.92027,0.95451,0.79927,0.7007,0.32927,0.01417,0.0065746,0.0065746,0.0065746
175,8332.7,0.98298,0.75408,0.01287,0.95503,0.92902,0.96765,0.81445,0.68281,0.33409,0.01364,0.0065548,0.0065548,0.0065548
176,8378.15,0.97157,0.6912,0.01304,0.97602,0.90603,0.97331,0.80426,0.70584,0.33905,0.01436,0.006535,0.006535,0.006535
177,8421.93,0.9538,0.71007,0.01278,0.9205,0.90962,0.96586,0.78034,0.68998,0.34219,0.01375,0.0065152,0.0065152,0.0065152
178,8467.58,0.95422,0.71552,0.01284,0.95671,0.89657,0.96172,0.80545,0.68465,0.34729,0.01392,0.0064954,0.0064954,0.0064954
179,8513.28,0.94479,0.71996,0.01308,0.91167,0.93253,0.96211,0.81943,0.64279,0.31534,0.01308,0.0064756,0.0064756,0.0064756
180,8559.41,0.94775,0.73333,0.013,0.95909,0.91083,0.97001,0.81396,0.67438,0.32061,0.01387,0.0064558,0.0064558,0.0064558
181,8604.42,0.96559,0.72038,0.01315,0.935,0.93949,0.98522,0.83368,0.62988,0.33963,0.01251,0.006436,0.006436,0.006436
182,8651.01,0.95201,0.71005,0.01281,0.94031,0.89767,0.96024,0.80804,0.65639,0.33534,0.01309,0.0064162,0.0064162,0.0064162
183,8695.05,0.94638,0.71021,0.01314,0.96137,0.91172,0.97175,0.83002,0.64111,0.31725,0.01304,0.0063964,0.0063964,0.0063964
184,8740.68,0.94952,0.71081,0.01289,0.971,0.91548,0.96282,0.81698,0.62833,0.34963,0.01259,0.0063766,0.0063766,0.0063766
185,8785.48,0.92885,0.67882,0.01289,0.94952,0.9295,0.98787,0.82228,0.68899,0.33445,0.01382,0.0063568,0.0063568,0.0063568
186,8830.72,0.95163,0.68738,0.01256,0.97229,0.9414,0.98495,0.83655,0.63985,0.27244,0.01281,0.006337,0.006337,0.006337
187,8876.72,0.93549,0.67629,0.01293,0.92385,0.93386,0.98008,0.8243,0.68399,0.31833,0.01392,0.0063172,0.0063172,0.0063172
188,8922.89,0.94813,0.66155,0.01279,0.96137,0.94775,0.97887,0.81439,0.6964,0.30763,0.01441,0.0062974,0.0062974,0.0062974
189,8969.65,0.93238,0.68593,0.01267,0.95362,0.90249,0.96604,0.81864,0.65617,0.33636,0.01318,0.0062776,0.0062776,0.0062776
190,9015.84,0.92141,0.68485,0.01235,0.95242,0.94322,0.97724,0.83271,0.65502,0.30315,0.01308,0.0062578,0.0062578,0.0062578
191,9060.82,0.93924,0.69756,0.01263,0.93967,0.93561,0.97247,0.81758,0.69541,0.32129,0.01429,0.006238,0.006238,0.006238
192,9105.44,0.91265,0.6603,0.01235,0.95769,0.9432,0.97369,0.84345,0.60778,0.30061,0.01229,0.0062182,0.0062182,0.0062182
193,9151.27,0.94158,0.67616,0.01263,0.94317,0.9492,0.97698,0.83153,0.63026,0.30409,0.01265,0.0061984,0.0061984,0.0061984
194,9197.5,0.9126,0.67249,0.01246,0.98067,0.93778,0.96943,0.81112,0.66975,0.2941,0.01341,0.0061786,0.0061786,0.0061786
195,9242.94,0.92393,0.67075,0.01239,0.97462,0.90833,0.98295,0.81804,0.67606,0.3252,0.01369,0.0061588,0.0061588,0.0061588
196,9288.67,0.93641,0.68496,0.0126,0.92781,0.86417,0.94955,0.82832,0.65086,0.36367,0.01326,0.006139,0.006139,0.006139
197,9334.38,0.93788,0.70076,0.01298,0.95591,0.9245,0.97039,0.83022,0.62726,0.31397,0.01276,0.0061192,0.0061192,0.0061192
198,9379.49,0.91728,0.67009,0.01227,0.93188,0.92307,0.95689,0.82751,0.61036,0.32308,0.01229,0.0060994,0.0060994,0.0060994
199,9424.47,0.93658,0.68214,0.01287,0.93852,0.91747,0.96411,0.83892,0.58874,0.32208,0.01183,0.0060796,0.0060796,0.0060796
200,9469.94,0.91794,0.65447,0.01233,0.97652,0.92265,0.98022,0.83195,0.61741,0.29334,0.01243,0.0060598,0.0060598,0.0060598
201,9515.5,0.90093,0.64909,0.01196,0.9868,0.94263,0.97748,0.83705,0.62377,0.26846,0.01289,0.00604,0.00604,0.00604
202,9561.87,0.92306,0.68234,0.01277,0.91553,0.92513,0.9752,0.84822,0.61219,0.29536,0.01263,0.0060202,0.0060202,0.0060202
203,9606.21,0.92974,0.66052,0.01277,0.95849,0.94033,0.9851,0.8509,0.63301,0.26893,0.01255,0.0060004,0.0060004,0.0060004
204,9653.97,0.91669,0.69464,0.01203,0.97582,0.88123,0.96139,0.82126,0.67729,0.30484,0.01363,0.0059806,0.0059806,0.0059806
205,9700.39,0.92511,0.66404,0.01263,0.97774,0.89583,0.9627,0.83492,0.59575,0.28473,0.01176,0.0059608,0.0059608,0.0059608
206,9745.38,0.89441,0.64903,0.01222,0.98074,0.93646,0.96178,0.8429,0.60866,0.27952,0.01251,0.005941,0.005941,0.005941
207,9789.98,0.91091,0.67846,0.01224,0.93966,0.9179,0.97278,0.84829,0.60639,0.27476,0.01235,0.0059212,0.0059212,0.0059212
208,9834.48,0.90406,0.66563,0.0121,0.95918,0.95167,0.97451,0.84144,0.63521,0.29157,0.01258,0.0059014,0.0059014,0.0059014
209,9880.46,0.90275,0.64293,0.01219,0.9577,0.95282,0.98205,0.8471,0.59463,0.28585,0.01201,0.0058816,0.0058816,0.0058816
210,9925.59,0.91468,0.6644,0.01231,0.98956,0.92838,0.99145,0.84672,0.61272,0.2689,0.0122,0.0058618,0.0058618,0.0058618
211,9972.52,0.89261,0.6546,0.01198,0.9707,0.97866,0.992,0.85046,0.58454,0.23714,0.01157,0.005842,0.005842,0.005842
212,10017.1,0.90125,0.68622,0.01204,0.97682,0.95423,0.98132,0.866,0.55538,0.22712,0.0111,0.0058222,0.0058222,0.0058222
213,10061.5,0.87371,0.63695,0.01199,0.97577,0.96103,0.98917,0.85874,0.60848,0.23914,0.01194,0.0058024,0.0058024,0.0058024
214,10106.1,0.89139,0.66496,0.01177,0.95609,0.96584,0.99099,0.86016,0.58742,0.2863,0.01182,0.0057826,0.0057826,0.0057826
215,10149.7,0.89082,0.65121,0.01203,0.97684,0.96945,0.99202,0.84142,0.61525,0.25177,0.01215,0.0057628,0.0057628,0.0057628
216,10195,0.88112,0.64767,0.01171,0.97325,0.92387,0.98471,0.83685,0.63912,0.26671,0.01289,0.005743,0.005743,0.005743
217,10240.2,0.86259,0.5986,0.0116,0.94009,0.98343,0.98516,0.85872,0.57952,0.25284,0.01139,0.0057232,0.0057232,0.0057232
218,10285.9,0.89193,0.65378,0.0117,0.96046,0.97452,0.98133,0.85922,0.57984,0.28133,0.01132,0.0057034,0.0057034,0.0057034
219,10332.4,0.8753,0.60503,0.01168,0.90523,0.99048,0.97607,0.84902,0.59302,0.26414,0.01179,0.0056836,0.0056836,0.0056836
220,10377.8,0.87365,0.6132,0.01199,0.98199,0.90987,0.9719,0.85259,0.58205,0.26676,0.01155,0.0056638,0.0056638,0.0056638
221,10423.8,0.88628,0.63677,0.01198,0.94682,0.96323,0.97969,0.86108,0.54755,0.238,0.01086,0.005644,0.005644,0.005644
222,10467.7,0.88088,0.60374,0.01178,0.97389,0.96523,0.98697,0.85935,0.59569,0.28791,0.01219,0.0056242,0.0056242,0.0056242
223,10512.9,0.88015,0.64865,0.01174,0.9509,0.97304,0.99031,0.87528,0.57091,0.27266,0.01131,0.0056044,0.0056044,0.0056044
224,10557.3,0.87987,0.63792,0.01168,0.91551,0.9723,0.9822,0.86594,0.55969,0.28567,0.01112,0.0055846,0.0055846,0.0055846
225,10604.7,0.87701,0.6241,0.01168,0.95446,0.95489,0.97568,0.87216,0.5457,0.26347,0.011,0.0055648,0.0055648,0.0055648
226,10648.8,0.86539,0.62146,0.01178,0.98457,0.93823,0.97924,0.86781,0.55176,0.25577,0.01112,0.005545,0.005545,0.005545
227,10694,0.8501,0.63036,0.01168,0.96879,0.95006,0.98595,0.86652,0.56081,0.27121,0.0112,0.0055252,0.0055252,0.0055252
228,10739.3,0.87944,0.60479,0.01178,0.93494,0.94286,0.98089,0.86254,0.62602,0.27604,0.01286,0.0055054,0.0055054,0.0055054
229,10784.9,0.85041,0.58674,0.01156,0.9647,0.92868,0.9752,0.85688,0.56685,0.24804,0.01122,0.0054856,0.0054856,0.0054856
230,10831.8,0.86779,0.61347,0.01153,0.89528,0.90895,0.95611,0.85124,0.54406,0.27597,0.011,0.0054658,0.0054658,0.0054658
231,10876.7,0.8655,0.60454,0.01166,0.94771,0.95714,0.97658,0.87089,0.56409,0.24786,0.01138,0.005446,0.005446,0.005446
232,10921.3,0.86326,0.60474,0.01165,0.92808,0.95714,0.97825,0.8665,0.55588,0.25686,0.01118,0.0054262,0.0054262,0.0054262
233,10968.5,0.85753,0.58429,0.01143,0.95373,0.95329,0.97825,0.86598,0.53903,0.25381,0.0108,0.0054064,0.0054064,0.0054064
234,11015,0.8756,0.6067,0.01185,0.9172,0.98416,0.98974,0.85949,0.54144,0.25801,0.01097,0.0053866,0.0053866,0.0053866
235,11061.4,0.87475,0.59792,0.01148,0.97644,0.94326,0.98462,0.86202,0.55092,0.23447,0.01086,0.0053668,0.0053668,0.0053668
236,11108.3,0.86147,0.60561,0.01149,0.92448,0.96839,0.97749,0.8568,0.5507,0.29233,0.01084,0.005347,0.005347,0.005347
237,11153.5,0.85641,0.58455,0.01141,0.88339,0.95469,0.97259,0.86587,0.54139,0.23794,0.01098,0.0053272,0.0053272,0.0053272
238,11200.6,0.84402,0.57029,0.01109,0.91502,0.9796,0.9803,0.87197,0.54318,0.24929,0.01089,0.0053074,0.0053074,0.0053074
239,11245.6,0.86702,0.59397,0.01177,0.91186,0.97257,0.96594,0.85697,0.54797,0.24908,0.01115,0.0052876,0.0052876,0.0052876
240,11290.5,0.8742,0.58487,0.0119,0.93122,0.95238,0.9774,0.86196,0.53525,0.24434,0.01073,0.0052678,0.0052678,0.0052678
241,11335.5,0.85604,0.62653,0.0118,0.9621,0.97864,0.99151,0.86156,0.56209,0.26126,0.01159,0.005248,0.005248,0.005248
242,11381.2,0.85682,0.59976,0.01135,0.96714,0.92653,0.98581,0.87855,0.52428,0.25261,0.01053,0.0052282,0.0052282,0.0052282
243,11427.6,0.85376,0.60474,0.01115,0.95912,0.93932,0.98125,0.85571,0.58238,0.25452,0.01146,0.0052084,0.0052084,0.0052084
244,11472.7,0.85787,0.60813,0.01125,0.93924,0.95139,0.976,0.85336,0.55768,0.26468,0.01107,0.0051886,0.0051886,0.0051886
245,11518.7,0.84447,0.60066,0.01125,0.96872,0.97331,0.99001,0.88935,0.5082,0.23293,0.01012,0.0051688,0.0051688,0.0051688
246,11563.3,0.84041,0.59023,0.01125,0.92247,0.96404,0.97909,0.89126,0.49415,0.2246,0.00968,0.005149,0.005149,0.005149
247,11608.3,0.84799,0.58747,0.01144,0.91695,0.98837,0.98286,0.8938,0.48684,0.20754,0.00961,0.0051292,0.0051292,0.0051292
248,11652.9,0.82719,0.58425,0.01129,0.96932,0.97373,0.99185,0.8847,0.51402,0.21431,0.0104,0.0051094,0.0051094,0.0051094
249,11697.8,0.84845,0.57341,0.01122,0.94069,0.95094,0.97233,0.88681,0.47582,0.22906,0.00963,0.0050896,0.0050896,0.0050896
250,11742.9,0.83843,0.58825,0.01109,0.98511,0.98825,0.99396,0.90294,0.49186,0.19254,0.00993,0.0050698,0.0050698,0.0050698
251,11789.3,0.83362,0.57999,0.01105,0.94329,0.95346,0.96602,0.87253,0.48555,0.24473,0.00976,0.00505,0.00505,0.00505
252,11835.7,0.83174,0.60828,0.01125,0.98008,0.95424,0.98624,0.87261,0.54352,0.23479,0.0107,0.0050302,0.0050302,0.0050302
253,11882.2,0.83333,0.59504,0.01107,0.98261,0.96624,0.9899,0.87936,0.52506,0.24293,0.01034,0.0050104,0.0050104,0.0050104
254,11927.4,0.81586,0.54683,0.01093,0.98539,0.94491,0.98564,0.88665,0.50524,0.22532,0.01008,0.0049906,0.0049906,0.0049906
255,11973,0.83448,0.58476,0.01146,0.98845,0.98266,0.99279,0.88653,0.50987,0.20342,0.0105,0.0049708,0.0049708,0.0049708
256,12019.4,0.83399,0.57712,0.01129,0.94452,0.99048,0.98587,0.87476,0.517,0.21102,0.0104,0.004951,0.004951,0.004951
257,12065.9,0.82401,0.56359,0.01118,0.98721,0.98453,0.99021,0.88473,0.48581,0.2293,0.00973,0.0049312,0.0049312,0.0049312
258,12113.1,0.83684,0.57062,0.01118,0.98947,0.95338,0.98932,0.89334,0.48542,0.25158,0.00974,0.0049114,0.0049114,0.0049114
259,12159.2,0.82284,0.57995,0.0112,0.9922,0.97979,0.99093,0.90148,0.48984,0.20851,0.00981,0.0048916,0.0048916,0.0048916
260,12205.5,0.82645,0.57492,0.01108,0.94552,0.97493,0.9878,0.88892,0.50601,0.22132,0.01018,0.0048718,0.0048718,0.0048718
261,12252.4,0.82527,0.56964,0.01125,0.92815,0.98911,0.98638,0.89983,0.49252,0.2135,0.00981,0.004852,0.004852,0.004852
262,12298.1,0.81922,0.55841,0.01105,0.91329,0.95238,0.96726,0.88249,0.49939,0.25837,0.01007,0.0048322,0.0048322,0.0048322
263,12343.4,0.81428,0.54236,0.01102,0.946,0.96922,0.98676,0.86611,0.49662,0.22685,0.01029,0.0048124,0.0048124,0.0048124
264,12388.7,0.82257,0.5718,0.01074,0.99473,0.94383,0.99232,0.88112,0.49405,0.20641,0.01015,0.0047926,0.0047926,0.0047926
265,12433.7,0.79951,0.52477,0.01061,0.98578,0.97031,0.99176,0.89726,0.47783,0.20746,0.00969,0.0047728,0.0047728,0.0047728
266,12479,0.81575,0.54199,0.01074,0.97197,0.97683,0.99069,0.89175,0.48422,0.22784,0.00962,0.004753,0.004753,0.004753
267,12524.8,0.81947,0.59221,0.01104,0.98552,0.95285,0.98185,0.87749,0.4925,0.21812,0.00988,0.0047332,0.0047332,0.0047332
268,12571,0.79852,0.54159,0.01073,0.97537,0.98608,0.99294,0.88788,0.49078,0.19811,0.00984,0.0047134,0.0047134,0.0047134
269,12617.4,0.80947,0.57247,0.01073,0.98929,0.9445,0.98735,0.87779,0.48857,0.20586,0.00983,0.0046936,0.0046936,0.0046936
270,12662.1,0.80555,0.55522,0.01082,0.98787,0.9322,0.98691,0.88634,0.4765,0.21356,0.00957,0.0046738,0.0046738,0.0046738
271,12706.9,0.79036,0.53475,0.01053,0.92202,0.95997,0.96847,0.87696,0.48861,0.23175,0.0098,0.004654,0.004654,0.004654
272,12753,0.81469,0.5605,0.01126,0.97561,0.94979,0.98386,0.8999,0.48141,0.21162,0.00962,0.0046342,0.0046342,0.0046342
273,12798.9,0.78417,0.55372,0.01046,0.98343,0.98065,0.99124,0.8923,0.47957,0.20197,0.00955,0.0046144,0.0046144,0.0046144
274,12846,0.79198,0.5328,0.01039,0.98068,0.96703,0.99223,0.88741,0.4982,0.21457,0.00973,0.0045946,0.0045946,0.0045946
275,12892.6,0.79577,0.54775,0.01051,0.99042,0.94307,0.98742,0.90709,0.46152,0.19802,0.00907,0.0045748,0.0045748,0.0045748
276,12938.5,0.7955,0.53897,0.01065,0.98239,0.97399,0.99294,0.90885,0.46671,0.1889,0.00924,0.004555,0.004555,0.004555
277,12984,0.77859,0.53049,0.01036,0.95734,0.98947,0.98895,0.90212,0.47731,0.18445,0.00957,0.0045352,0.0045352,0.0045352
278,13029.2,0.79126,0.53667,0.01049,0.99134,0.98464,0.99298,0.90993,0.46413,0.17583,0.0093,0.0045154,0.0045154,0.0045154
279,13075,0.79494,0.54159,0.01037,0.99155,0.98885,0.99344,0.91296,0.46652,0.17435,0.00916,0.0044956,0.0044956,0.0044956
280,13121.7,0.80856,0.53599,0.0108,0.96915,0.98595,0.99199,0.90838,0.47187,0.20175,0.00942,0.0044758,0.0044758,0.0044758
281,13164.8,0.7833,0.53158,0.01028,0.97134,0.9658,0.99219,0.89747,0.49332,0.21658,0.0099,0.004456,0.004456,0.004456
282,13209.7,0.79101,0.54886,0.01052,0.9569,0.98034,0.98204,0.88347,0.50619,0.21874,0.01013,0.0044362,0.0044362,0.0044362
283,13255.2,0.77034,0.49941,0.01002,0.94043,0.94676,0.97851,0.89208,0.46738,0.20313,0.00926,0.0044164,0.0044164,0.0044164
284,13301.4,0.79489,0.537,0.01061,0.97744,0.95238,0.98699,0.90691,0.44502,0.20099,0.00879,0.0043966,0.0043966,0.0043966
285,13346.6,0.79275,0.53751,0.01051,0.96496,0.98698,0.99193,0.89482,0.4657,0.19763,0.00922,0.0043768,0.0043768,0.0043768
286,13390.3,0.79252,0.53626,0.01035,0.96783,0.95217,0.98698,0.88978,0.46937,0.21156,0.00933,0.004357,0.004357,0.004357
287,13433.5,0.78054,0.52557,0.01048,0.93355,0.97169,0.99031,0.90489,0.45114,0.2284,0.00887,0.0043372,0.0043372,0.0043372
288,13480.8,0.77355,0.532,0.01038,0.98502,0.92992,0.97052,0.88306,0.44754,0.21628,0.00877,0.0043174,0.0043174,0.0043174
289,13528.3,0.77005,0.53739,0.01031,0.99213,0.92976,0.97933,0.89236,0.44223,0.21827,0.00876,0.0042976,0.0042976,0.0042976
290,13574.4,0.77388,0.53152,0.01055,0.99178,0.94363,0.98327,0.90477,0.44648,0.19782,0.0088,0.0042778,0.0042778,0.0042778
291,13621.5,0.79345,0.54681,0.01055,0.9832,0.97657,0.99121,0.90481,0.44586,0.20135,0.00877,0.004258,0.004258,0.004258
292,13665.1,0.77594,0.52763,0.01045,0.98944,0.97325,0.99044,0.90896,0.45105,0.2007,0.00886,0.0042382,0.0042382,0.0042382
293,13709,0.77673,0.52311,0.01042,0.93057,0.97986,0.98447,0.90449,0.44942,0.23755,0.00883,0.0042184,0.0042184,0.0042184
294,13753.5,0.79385,0.54586,0.01072,0.96526,0.94998,0.9856,0.90457,0.44162,0.21425,0.00873,0.0041986,0.0041986,0.0041986
295,13797.8,0.77527,0.52317,0.01028,0.94442,0.98079,0.98969,0.91017,0.43099,0.22182,0.00862,0.0041788,0.0041788,0.0041788
296,13841.6,0.78065,0.53014,0.01024,0.97469,0.98996,0.99217,0.91128,0.43015,0.18758,0.00859,0.004159,0.004159,0.004159
297,13887.5,0.74485,0.49949,0.00975,0.97982,0.95041,0.98612,0.90128,0.43162,0.20385,0.00872,0.0041392,0.0041392,0.0041392
298,13934.2,0.77743,0.53656,0.01025,0.9929,0.9782,0.99073,0.90978,0.43934,0.20383,0.00892,0.0041194,0.0041194,0.0041194
299,13978.4,0.76755,0.52813,0.01026,0.99036,0.97574,0.99095,0.90108,0.44724,0.19525,0.00901,0.0040996,0.0040996,0.0040996
300,14023.7,0.76734,0.54087,0.0104,0.97501,0.98707,0.99119,0.8909,0.46061,0.20029,0.00915,0.0040798,0.0040798,0.0040798
301,14068,0.78526,0.52612,0.01027,0.93603,0.99087,0.97672,0.87503,0.47281,0.21032,0.00937,0.00406,0.00406,0.00406
302,14111.4,0.78254,0.52046,0.01034,0.95328,0.98855,0.99173,0.90968,0.43697,0.19369,0.00861,0.0040402,0.0040402,0.0040402
303,14157.2,0.76122,0.50393,0.01009,0.97408,0.98696,0.99062,0.91296,0.41756,0.16572,0.00813,0.0040204,0.0040204,0.0040204
304,14203.7,0.76321,0.50525,0.0101,0.98884,0.98587,0.99078,0.9138,0.44804,0.1998,0.00898,0.0040006,0.0040006,0.0040006
305,14249.1,0.78354,0.51047,0.01041,0.97002,0.97899,0.99022,0.91007,0.44716,0.20086,0.00886,0.0039808,0.0039808,0.0039808
306,14296.9,0.74342,0.49224,0.00999,0.9471,0.97108,0.98572,0.91953,0.42951,0.21424,0.00851,0.003961,0.003961,0.003961
307,14345.6,0.73441,0.49599,0.00982,0.99106,0.9623,0.98869,0.92396,0.4087,0.23484,0.00812,0.0039412,0.0039412,0.0039412
308,14392.7,0.75792,0.51085,0.01006,0.9907,0.97447,0.99187,0.92524,0.41196,0.17501,0.00816,0.0039214,0.0039214,0.0039214
309,14438.5,0.75357,0.51145,0.01021,0.94919,0.96046,0.98373,0.91819,0.40327,0.22748,0.00806,0.0039016,0.0039016,0.0039016
310,14484.5,0.75087,0.49746,0.00984,0.98876,0.96671,0.99107,0.93187,0.38839,0.18746,0.00782,0.0038818,0.0038818,0.0038818
311,14529.7,0.72194,0.49392,0.00952,0.97798,0.98791,0.99126,0.93861,0.37996,0.17975,0.00767,0.003862,0.003862,0.003862
312,14576.9,0.76368,0.50712,0.01001,0.98224,0.98596,0.99223,0.92991,0.38924,0.18566,0.00789,0.0038422,0.0038422,0.0038422
313,14623.2,0.74554,0.48794,0.0101,0.98233,0.97858,0.99066,0.92009,0.39612,0.19111,0.00784,0.0038224,0.0038224,0.0038224
314,14669.2,0.73869,0.51366,0.00965,0.98752,0.98788,0.99111,0.91998,0.41904,0.18044,0.00822,0.0038026,0.0038026,0.0038026
315,14715.8,0.72871,0.5047,0.00961,0.98665,0.98291,0.99166,0.91592,0.41103,0.17942,0.00817,0.0037828,0.0037828,0.0037828
316,14762.6,0.73794,0.48334,0.0098,0.98922,0.98428,0.99197,0.91624,0.40973,0.17938,0.00807,0.003763,0.003763,0.003763
317,14806.9,0.73047,0.47863,0.00975,0.98597,0.95064,0.98331,0.91423,0.40149,0.20059,0.00801,0.0037432,0.0037432,0.0037432
318,14851.5,0.73073,0.50401,0.00942,0.97618,0.95131,0.98502,0.91139,0.40372,0.20498,0.00796,0.0037234,0.0037234,0.0037234
319,14897.3,0.74461,0.51153,0.00972,0.97927,0.95189,0.98162,0.91385,0.40004,0.20861,0.00775,0.0037036,0.0037036,0.0037036
320,14943.7,0.74483,0.51928,0.01006,0.98806,0.96531,0.99087,0.92518,0.40016,0.18488,0.00787,0.0036838,0.0036838,0.0036838
321,14989.8,0.72833,0.47781,0.00961,0.98233,0.98527,0.99051,0.91514,0.40879,0.20178,0.00816,0.003664,0.003664,0.003664
322,15036.2,0.7347,0.49284,0.00984,0.97647,0.98575,0.98912,0.92876,0.39553,0.21249,0.00782,0.0036442,0.0036442,0.0036442
323,15082.6,0.74232,0.51563,0.00973,0.97695,0.981,0.98948,0.9332,0.38726,0.18813,0.00771,0.0036244,0.0036244,0.0036244
324,15128.2,0.72825,0.48331,0.00988,0.98282,0.93981,0.98651,0.92542,0.39295,0.19079,0.00769,0.0036046,0.0036046,0.0036046
325,15173.5,0.72987,0.47762,0.00967,0.96756,0.98383,0.99111,0.92392,0.3885,0.19209,0.00754,0.0035848,0.0035848,0.0035848
326,15218.1,0.72385,0.48201,0.0097,0.97947,0.98453,0.99204,0.92449,0.39414,0.17849,0.00771,0.003565,0.003565,0.003565
327,15264.6,0.71884,0.46941,0.00952,0.98146,0.9811,0.99172,0.93156,0.38353,0.18762,0.00762,0.0035452,0.0035452,0.0035452
328,15311.2,0.7231,0.49503,0.00962,0.98612,0.97186,0.99125,0.9293,0.38977,0.19904,0.00775,0.0035254,0.0035254,0.0035254
329,15358.1,0.74276,0.51187,0.00983,0.98471,0.97771,0.99255,0.93697,0.37744,0.16768,0.00751,0.0035056,0.0035056,0.0035056
330,15404.8,0.72473,0.47985,0.0094,0.99339,0.98445,0.99119,0.93816,0.37212,0.18855,0.00737,0.0034858,0.0034858,0.0034858
331,15450.5,0.7217,0.50298,0.00966,0.98253,0.98435,0.99107,0.93968,0.37218,0.18536,0.00732,0.003466,0.003466,0.003466
332,15497,0.71379,0.4763,0.00939,0.98232,0.97578,0.99042,0.93155,0.37635,0.19379,0.0074,0.0034462,0.0034462,0.0034462
333,15543.3,0.7329,0.49177,0.00959,0.99019,0.97021,0.99092,0.9333,0.37047,0.17302,0.00731,0.0034264,0.0034264,0.0034264
334,15587.9,0.74552,0.50815,0.00994,0.98579,0.98051,0.99113,0.93469,0.37618,0.17552,0.00756,0.0034066,0.0034066,0.0034066
335,15634.4,0.70224,0.46093,0.00925,0.99279,0.98216,0.9912,0.93646,0.38436,0.16826,0.00768,0.0033868,0.0033868,0.0033868
336,15681.1,0.72314,0.49026,0.00974,0.98367,0.98,0.99135,0.93848,0.37376,0.16303,0.00745,0.003367,0.003367,0.003367
337,15727,0.71545,0.48999,0.00941,0.98286,0.98351,0.99142,0.93846,0.37244,0.16438,0.00735,0.0033472,0.0033472,0.0033472
338,15773.5,0.72069,0.4652,0.00972,0.97895,0.96516,0.99105,0.93788,0.36742,0.1634,0.00713,0.0033274,0.0033274,0.0033274
339,15818,0.71553,0.48265,0.00958,0.98733,0.97804,0.99067,0.93325,0.37335,0.14218,0.00724,0.0033076,0.0033076,0.0033076
340,15863.3,0.71323,0.47142,0.00927,0.9924,0.99048,0.99143,0.9291,0.38314,0.13652,0.00742,0.0032878,0.0032878,0.0032878
341,15908.1,0.716,0.4797,0.00917,0.97262,0.98547,0.99107,0.93786,0.37447,0.14417,0.0073,0.003268,0.003268,0.003268
342,15953.6,0.71651,0.47238,0.00952,0.98166,0.95407,0.97795,0.92371,0.36434,0.17181,0.00712,0.0032482,0.0032482,0.0032482
343,16000.3,0.70953,0.46995,0.00961,0.97299,0.97359,0.99149,0.93835,0.36128,0.15766,0.00705,0.0032284,0.0032284,0.0032284
344,16046.6,0.71067,0.45813,0.00941,0.98278,0.98492,0.99123,0.94216,0.3697,0.18126,0.0073,0.0032086,0.0032086,0.0032086
345,16092.9,0.71027,0.46665,0.00913,0.98172,0.98672,0.99144,0.94119,0.37794,0.17083,0.00759,0.0031888,0.0031888,0.0031888
346,16140.1,0.70385,0.48944,0.00943,0.99093,0.97894,0.99145,0.93462,0.38734,0.16968,0.00776,0.003169,0.003169,0.003169
347,16185.5,0.70257,0.47231,0.00932,0.98465,0.9851,0.99089,0.92914,0.39454,0.18474,0.00791,0.0031492,0.0031492,0.0031492
348,16231.3,0.67667,0.45553,0.0088,0.98282,0.95981,0.99074,0.9248,0.39581,0.19865,0.0079,0.0031294,0.0031294,0.0031294
349,16276.3,0.69521,0.46275,0.00918,0.98773,0.9724,0.99047,0.92424,0.39641,0.19449,0.00792,0.0031096,0.0031096,0.0031096
350,16320.7,0.69122,0.44674,0.00919,0.98138,0.96546,0.99104,0.92727,0.39717,0.18647,0.00786,0.0030898,0.0030898,0.0030898
351,16367.3,0.68926,0.45359,0.00925,0.98626,0.93557,0.98577,0.92925,0.37396,0.19332,0.00741,0.00307,0.00307,0.00307
352,16413.3,0.68808,0.46238,0.00931,0.97446,0.97899,0.98934,0.93688,0.37491,0.16414,0.00735,0.0030502,0.0030502,0.0030502
353,16459.6,0.69078,0.45551,0.00923,0.98938,0.94865,0.98644,0.92467,0.37845,0.15584,0.00744,0.0030304,0.0030304,0.0030304
354,16506.1,0.70482,0.45348,0.00934,0.99098,0.98242,0.99133,0.94184,0.37316,0.17657,0.00742,0.0030106,0.0030106,0.0030106
355,16552.6,0.6919,0.46021,0.00925,0.98652,0.99048,0.9914,0.93619,0.36949,0.16762,0.00734,0.0029908,0.0029908,0.0029908
356,16598.5,0.701,0.46173,0.00942,0.99327,0.98497,0.99154,0.93967,0.35852,0.16346,0.00719,0.002971,0.002971,0.002971
357,16644.1,0.6945,0.44829,0.00916,0.99214,0.96932,0.99122,0.93824,0.35775,0.14616,0.00715,0.0029512,0.0029512,0.0029512
358,16690.6,0.69767,0.49333,0.00939,0.98353,0.98325,0.9909,0.93586,0.36703,0.14957,0.00726,0.0029314,0.0029314,0.0029314
359,16737.6,0.68658,0.46224,0.009,0.98366,0.98704,0.9908,0.93755,0.37425,0.16968,0.00749,0.0029116,0.0029116,0.0029116
360,16783.8,0.6952,0.47146,0.009,0.98464,0.98881,0.99112,0.93561,0.37247,0.17737,0.00735,0.0028918,0.0028918,0.0028918
361,16830.4,0.67206,0.46364,0.0089,0.98432,0.98814,0.9912,0.93151,0.38018,0.16555,0.00762,0.002872,0.002872,0.002872
362,16877.2,0.66884,0.43867,0.0086,0.9774,0.98407,0.99105,0.93636,0.37314,0.17436,0.00744,0.0028522,0.0028522,0.0028522
363,16923,0.66761,0.43395,0.00869,0.97317,0.97834,0.99091,0.93283,0.38906,0.18237,0.00775,0.0028324,0.0028324,0.0028324
364,16968.9,0.6744,0.42839,0.00911,0.96681,0.98395,0.99063,0.92815,0.3945,0.19154,0.00782,0.0028126,0.0028126,0.0028126
365,17012.9,0.67233,0.44166,0.00867,0.97622,0.99039,0.99104,0.92496,0.40256,0.18022,0.00801,0.0027928,0.0027928,0.0027928
366,17058.1,0.67301,0.44704,0.00871,0.98583,0.99114,0.99141,0.92711,0.38756,0.16887,0.00773,0.002773,0.002773,0.002773
367,17104.2,0.65164,0.44364,0.0086,0.99347,0.97841,0.99161,0.93236,0.38204,0.15352,0.00771,0.0027532,0.0027532,0.0027532
368,17150.5,0.65614,0.41387,0.0087,0.99436,0.97881,0.99162,0.94017,0.36859,0.15322,0.00743,0.0027334,0.0027334,0.0027334
369,17197,0.67222,0.44407,0.00887,0.98965,0.98574,0.99151,0.94248,0.35842,0.16526,0.00722,0.0027136,0.0027136,0.0027136
370,17243.9,0.67982,0.44345,0.00898,0.97878,0.98273,0.99123,0.93941,0.35688,0.15876,0.00722,0.0026938,0.0026938,0.0026938
371,17290.3,0.6707,0.43681,0.00898,0.99167,0.94665,0.98897,0.93678,0.35399,0.19425,0.00712,0.002674,0.002674,0.002674
372,17335.1,0.65858,0.421,0.00898,0.99475,0.96865,0.99168,0.93956,0.3587,0.16857,0.00723,0.0026542,0.0026542,0.0026542
373,17379,0.66471,0.44433,0.00844,0.99647,0.98031,0.99177,0.93827,0.36696,0.16778,0.00727,0.0026344,0.0026344,0.0026344
374,17425.3,0.65576,0.43017,0.00853,0.99051,0.97772,0.99128,0.94045,0.35811,0.16176,0.00714,0.0026146,0.0026146,0.0026146
375,17471.7,0.64412,0.4046,0.00863,0.98641,0.98095,0.99087,0.94546,0.36024,0.16414,0.00715,0.0025948,0.0025948,0.0025948
376,17517.4,0.66343,0.44375,0.00867,0.98483,0.9833,0.99124,0.93873,0.36298,0.16048,0.00723,0.002575,0.002575,0.002575
377,17563.8,0.64393,0.42273,0.00862,0.9861,0.98883,0.99112,0.9442,0.35146,0.15994,0.00698,0.0025552,0.0025552,0.0025552
378,17610.4,0.66968,0.45256,0.00874,0.97786,0.99513,0.99202,0.94028,0.35299,0.15144,0.00696,0.0025354,0.0025354,0.0025354
379,17656.9,0.65211,0.43745,0.0085,0.97821,0.99216,0.99247,0.94128,0.35739,0.15237,0.00706,0.0025156,0.0025156,0.0025156
380,17702.9,0.67316,0.43988,0.00883,0.98329,0.99187,0.99162,0.94133,0.35295,0.16607,0.00698,0.0024958,0.0024958,0.0024958
381,17747.4,0.65893,0.41664,0.00878,0.98008,0.97199,0.98991,0.94011,0.35766,0.17133,0.0071,0.002476,0.002476,0.002476
382,17794.1,0.67426,0.42157,0.00897,0.97642,0.98896,0.9911,0.93681,0.35922,0.16705,0.00706,0.0024562,0.0024562,0.0024562
383,17840.4,0.67717,0.43392,0.009,0.97858,0.98016,0.99129,0.94079,0.3539,0.16984,0.00691,0.0024364,0.0024364,0.0024364
384,17886.3,0.66192,0.44708,0.00871,0.98277,0.98392,0.992,0.94376,0.35404,0.1635,0.00693,0.0024166,0.0024166,0.0024166
385,17932.5,0.63603,0.40747,0.00849,0.97495,0.98863,0.99159,0.93918,0.35501,0.16339,0.00689,0.0023968,0.0023968,0.0023968
386,17978.9,0.66126,0.42624,0.00834,0.98678,0.97747,0.99106,0.9355,0.34875,0.15828,0.00676,0.002377,0.002377,0.002377
387,18024.5,0.65871,0.42197,0.0088,0.98567,0.98815,0.99134,0.93691,0.33555,0.15192,0.00652,0.0023572,0.0023572,0.0023572
388,18070.1,0.66386,0.42157,0.0086,0.97989,0.98732,0.99086,0.94051,0.34032,0.16207,0.00663,0.0023374,0.0023374,0.0023374
389,18115.6,0.63772,0.41295,0.00838,0.97852,0.98634,0.99116,0.9428,0.33366,0.16329,0.00656,0.0023176,0.0023176,0.0023176
390,18162.2,0.63546,0.40903,0.00846,0.97315,0.99048,0.99141,0.9449,0.33315,0.15574,0.0066,0.0022978,0.0022978,0.0022978
391,18208.9,0.63437,0.40808,0.00815,0.97683,0.99048,0.99141,0.94528,0.33094,0.16335,0.0065,0.002278,0.002278,0.002278
392,18255.5,0.65674,0.44709,0.0089,0.97337,0.99061,0.99124,0.94241,0.34422,0.16232,0.00678,0.0022582,0.0022582,0.0022582
393,18302.6,0.64388,0.43942,0.00836,0.97208,0.98967,0.99071,0.93639,0.34918,0.17209,0.00681,0.0022384,0.0022384,0.0022384
394,18348.5,0.65463,0.43432,0.00836,0.97517,0.98877,0.99106,0.94622,0.34822,0.1649,0.00676,0.0022186,0.0022186,0.0022186
395,18394.3,0.62925,0.42417,0.00815,0.97631,0.98905,0.99101,0.9464,0.34109,0.16373,0.00655,0.0021988,0.0021988,0.0021988
396,18438.9,0.65552,0.43562,0.00851,0.98809,0.98133,0.99174,0.94296,0.34482,0.15391,0.00664,0.002179,0.002179,0.002179
397,18484.1,0.63177,0.41049,0.00841,0.99059,0.97983,0.99139,0.94226,0.34347,0.15856,0.00665,0.0021592,0.0021592,0.0021592
398,18530.7,0.6445,0.41214,0.00832,0.98217,0.98595,0.99125,0.9428,0.3432,0.15579,0.00667,0.0021394,0.0021394,0.0021394
399,18577.5,0.63606,0.42062,0.00836,0.99066,0.96069,0.99062,0.94395,0.34587,0.17581,0.00672,0.0021196,0.0021196,0.0021196
400,18624.5,0.63944,0.43845,0.00836,0.99593,0.94777,0.99024,0.94247,0.34583,0.18613,0.00672,0.0020998,0.0020998,0.0020998
401,18671.5,0.64879,0.43601,0.00847,0.98736,0.97239,0.99145,0.94309,0.33948,0.17206,0.00659,0.00208,0.00208,0.00208
402,18717.6,0.63258,0.41496,0.00837,0.98579,0.9595,0.9914,0.94085,0.3395,0.17358,0.00662,0.0020602,0.0020602,0.0020602
403,18763.6,0.64033,0.40755,0.00836,0.98856,0.94545,0.991,0.94174,0.33582,0.18067,0.00657,0.0020404,0.0020404,0.0020404
404,18808.6,0.61976,0.41956,0.00829,0.96882,0.99121,0.99167,0.93736,0.33614,0.15563,0.0066,0.0020206,0.0020206,0.0020206
405,18854.9,0.62785,0.41141,0.00827,0.98336,0.98197,0.99159,0.93657,0.33197,0.15224,0.00649,0.0020008,0.0020008,0.0020008
406,18902.1,0.62382,0.40631,0.00829,0.98599,0.96485,0.99108,0.93261,0.32882,0.16948,0.00639,0.001981,0.001981,0.001981
407,18949.8,0.63997,0.4151,0.00841,0.99135,0.96185,0.99174,0.93962,0.32257,0.16521,0.00627,0.0019612,0.0019612,0.0019612
408,18997.8,0.61774,0.39905,0.00806,0.98941,0.97109,0.99205,0.94591,0.32435,0.15564,0.00629,0.0019414,0.0019414,0.0019414
409,19046,0.63376,0.41516,0.00833,0.98401,0.97328,0.99195,0.95207,0.3224,0.15492,0.00629,0.0019216,0.0019216,0.0019216
410,19093.8,0.61968,0.39177,0.00799,0.95882,0.99245,0.99217,0.95135,0.32778,0.15764,0.00636,0.0019018,0.0019018,0.0019018
411,19140.5,0.63508,0.41552,0.00826,0.9791,0.98384,0.99206,0.95274,0.32841,0.14873,0.0064,0.001882,0.001882,0.001882
412,19186.6,0.62267,0.39569,0.00819,0.99642,0.9768,0.99163,0.95157,0.32947,0.14945,0.00644,0.0018622,0.0018622,0.0018622
413,19232.8,0.62392,0.40012,0.00818,0.98281,0.99048,0.99121,0.95186,0.33211,0.14345,0.00649,0.0018424,0.0018424,0.0018424
414,19279.8,0.61591,0.39964,0.0079,0.9832,0.98428,0.9913,0.95073,0.32761,0.14528,0.00641,0.0018226,0.0018226,0.0018226
415,19325.6,0.62395,0.38866,0.00817,0.97872,0.98624,0.99116,0.94933,0.32615,0.15212,0.00635,0.0018028,0.0018028,0.0018028
416,19372.1,0.62006,0.38733,0.0081,0.98804,0.98878,0.99118,0.94886,0.32443,0.15223,0.00634,0.001783,0.001783,0.001783
417,19417.5,0.61955,0.39612,0.00811,0.98961,0.98042,0.99145,0.94896,0.32757,0.16783,0.0064,0.0017632,0.0017632,0.0017632
418,19463.1,0.62248,0.42142,0.0083,0.98138,0.97614,0.99136,0.95162,0.32538,0.16504,0.0063,0.0017434,0.0017434,0.0017434
419,19508.4,0.61666,0.4001,0.00816,0.96945,0.98794,0.99109,0.94985,0.32937,0.16459,0.00645,0.0017236,0.0017236,0.0017236
420,19552.3,0.6261,0.41094,0.00817,0.9888,0.95884,0.98335,0.93864,0.33034,0.16062,0.00647,0.0017038,0.0017038,0.0017038
421,19599,0.61291,0.39344,0.00801,0.99012,0.95053,0.98676,0.94325,0.32598,0.16643,0.0064,0.001684,0.001684,0.001684
422,19645.5,0.60495,0.39785,0.00791,0.98231,0.98607,0.99139,0.95076,0.32635,0.15846,0.00643,0.0016642,0.0016642,0.0016642
423,19692.1,0.61864,0.39306,0.00806,0.98582,0.97986,0.99141,0.9529,0.32281,0.15864,0.00633,0.0016444,0.0016444,0.0016444
424,19738.9,0.60273,0.37519,0.00796,0.98383,0.98309,0.99094,0.94789,0.32163,0.16012,0.00635,0.0016246,0.0016246,0.0016246
425,19785.3,0.62077,0.38439,0.00817,0.98648,0.98192,0.99113,0.94671,0.32323,0.15494,0.0064,0.0016048,0.0016048,0.0016048
426,19831.6,0.6165,0.39775,0.00801,0.97479,0.98186,0.99103,0.95007,0.32451,0.17614,0.00639,0.001585,0.001585,0.001585
427,19877.7,0.61694,0.39689,0.0082,0.97352,0.98779,0.99083,0.95458,0.32059,0.16725,0.00631,0.0015652,0.0015652,0.0015652
428,19923.2,0.61273,0.38696,0.0078,0.98675,0.98704,0.99123,0.95153,0.31884,0.13367,0.00614,0.0015454,0.0015454,0.0015454
429,19969.5,0.61282,0.39917,0.00789,0.97595,0.99065,0.99131,0.94847,0.32951,0.16046,0.00644,0.0015256,0.0015256,0.0015256
430,20015.4,0.61941,0.42486,0.00807,0.96519,0.98968,0.99134,0.94787,0.32767,0.1655,0.00641,0.0015058,0.0015058,0.0015058
431,20061.9,0.61378,0.40766,0.00786,0.97331,0.98926,0.99133,0.94878,0.3299,0.17049,0.00642,0.001486,0.001486,0.001486
432,20108.6,0.59899,0.38904,0.00788,0.97695,0.98177,0.99109,0.94959,0.3297,0.1742,0.00641,0.0014662,0.0014662,0.0014662
433,20154.2,0.61312,0.3912,0.00806,0.97258,0.99265,0.99127,0.94816,0.33151,0.15981,0.00645,0.0014464,0.0014464,0.0014464
434,20198.7,0.61454,0.40847,0.00828,0.96833,0.98746,0.99092,0.94826,0.33128,0.17383,0.00644,0.0014266,0.0014266,0.0014266
435,20243.6,0.60771,0.39924,0.00805,0.98255,0.98619,0.99116,0.95316,0.32773,0.16536,0.00638,0.0014068,0.0014068,0.0014068
436,20289.2,0.6151,0.41231,0.00796,0.98574,0.98779,0.9914,0.95396,0.32873,0.16757,0.00643,0.001387,0.001387,0.001387
437,20335.7,0.61543,0.41897,0.00816,0.98077,0.99216,0.99125,0.95391,0.3299,0.15427,0.00649,0.0013672,0.0013672,0.0013672
438,20381.5,0.57882,0.36967,0.00754,0.98316,0.9916,0.99143,0.95392,0.33132,0.151,0.0065,0.0013474,0.0013474,0.0013474
439,20427.4,0.58329,0.36655,0.00762,0.98265,0.99019,0.99146,0.95406,0.33251,0.15225,0.0065,0.0013276,0.0013276,0.0013276
440,20473.1,0.58514,0.3669,0.00773,0.98216,0.98013,0.99166,0.95633,0.33012,0.15647,0.00648,0.0013078,0.0013078,0.0013078
441,20519.5,0.5997,0.38984,0.00768,0.9835,0.97879,0.99212,0.95442,0.32852,0.15163,0.00644,0.001288,0.001288,0.001288
442,20565.6,0.59028,0.38826,0.00764,0.9836,0.98278,0.99219,0.9527,0.33132,0.14977,0.00648,0.0012682,0.0012682,0.0012682
443,20609.8,0.58537,0.36957,0.00773,0.98674,0.98387,0.99217,0.95529,0.32837,0.14861,0.00642,0.0012484,0.0012484,0.0012484
444,20655.8,0.59482,0.39247,0.00797,0.98332,0.98463,0.99225,0.95401,0.32586,0.15102,0.00636,0.0012286,0.0012286,0.0012286
445,20702,0.61226,0.41793,0.00808,0.98013,0.98486,0.99229,0.9559,0.32166,0.14804,0.0063,0.0012088,0.0012088,0.0012088
446,20748.7,0.59022,0.38644,0.00758,0.98951,0.98763,0.99258,0.95607,0.32325,0.13991,0.00634,0.001189,0.001189,0.001189
447,20795.4,0.61145,0.39197,0.00802,0.98535,0.98038,0.99258,0.95645,0.32126,0.14639,0.00629,0.0011692,0.0011692,0.0011692
448,20843.3,0.59626,0.3742,0.00773,0.99228,0.97849,0.99262,0.95752,0.31485,0.1435,0.0062,0.0011494,0.0011494,0.0011494
449,20889.5,0.60064,0.38281,0.00796,0.99406,0.98522,0.99271,0.95953,0.31495,0.13803,0.00622,0.0011296,0.0011296,0.0011296
450,20935.4,0.5868,0.3826,0.0078,0.98831,0.98699,0.99275,0.95872,0.31797,0.14247,0.00625,0.0011098,0.0011098,0.0011098
451,20979.2,0.59403,0.37978,0.00774,0.98718,0.98745,0.9929,0.95758,0.3216,0.1442,0.00633,0.00109,0.00109,0.00109
452,21025.8,0.58388,0.36544,0.00758,0.9815,0.98784,0.99284,0.95588,0.32167,0.15422,0.00633,0.0010702,0.0010702,0.0010702
453,21072.2,0.5813,0.36761,0.00773,0.98255,0.99255,0.99284,0.95705,0.32201,0.14572,0.00637,0.0010504,0.0010504,0.0010504
454,21118.9,0.59324,0.37188,0.00774,0.99076,0.9813,0.99297,0.95886,0.32221,0.13919,0.00633,0.0010306,0.0010306,0.0010306
455,21165.2,0.59601,0.38387,0.0077,0.9843,0.9841,0.99305,0.95858,0.32037,0.13669,0.0063,0.0010108,0.0010108,0.0010108
456,21212.3,0.58742,0.3833,0.00766,0.98457,0.98189,0.9931,0.95923,0.3213,0.13897,0.0063,0.000991,0.000991,0.000991
457,21259.4,0.57321,0.37235,0.00737,0.98975,0.99091,0.99321,0.95909,0.31862,0.13117,0.00626,0.0009712,0.0009712,0.0009712
458,21304.9,0.59257,0.39492,0.00785,0.98755,0.9927,0.99315,0.95903,0.31782,0.13054,0.00626,0.0009514,0.0009514,0.0009514
459,21350.3,0.59467,0.37676,0.00771,0.99102,0.98666,0.99282,0.95769,0.31976,0.1395,0.00631,0.0009316,0.0009316,0.0009316
460,21396.9,0.58787,0.37075,0.00767,0.9882,0.98908,0.99256,0.95829,0.31942,0.14265,0.00629,0.0009118,0.0009118,0.0009118
461,21443.8,0.58886,0.3765,0.00767,0.98616,0.986,0.99222,0.9541,0.3196,0.14224,0.00631,0.000892,0.000892,0.000892
462,21490.9,0.56973,0.36349,0.00747,0.98757,0.99405,0.99224,0.95672,0.3186,0.14305,0.00628,0.0008722,0.0008722,0.0008722
463,21537.7,0.58197,0.38991,0.0079,0.98637,0.9878,0.99195,0.95659,0.31817,0.14812,0.00628,0.0008524,0.0008524,0.0008524
464,21584.1,0.58594,0.36607,0.00744,0.99001,0.98083,0.99196,0.95621,0.31857,0.15101,0.00629,0.0008326,0.0008326,0.0008326
465,21629.6,0.57871,0.36828,0.00757,0.98634,0.98165,0.99192,0.9564,0.31756,0.14398,0.00627,0.0008128,0.0008128,0.0008128
466,21674.1,0.59176,0.37285,0.00763,0.98708,0.99158,0.99198,0.95478,0.31742,0.14275,0.00624,0.000793,0.000793,0.000793
467,21718.7,0.57875,0.38264,0.00753,0.98822,0.99312,0.99149,0.95412,0.3157,0.14202,0.00619,0.0007732,0.0007732,0.0007732
468,21765,0.58743,0.39628,0.00793,0.989,0.99271,0.9916,0.9537,0.31413,0.13684,0.00619,0.0007534,0.0007534,0.0007534
469,21811.4,0.58535,0.37214,0.00774,0.9869,0.98746,0.992,0.95467,0.31616,0.14299,0.0062,0.0007336,0.0007336,0.0007336
470,21858.2,0.57286,0.36458,0.00756,0.99464,0.98595,0.99201,0.95752,0.31455,0.14007,0.00616,0.0007138,0.0007138,0.0007138
471,21904.9,0.57203,0.3744,0.00754,0.9949,0.98225,0.99204,0.95973,0.31323,0.13813,0.00616,0.000694,0.000694,0.000694
472,21950.2,0.5831,0.35637,0.0077,0.993,0.98125,0.99191,0.95815,0.3146,0.14117,0.00616,0.0006742,0.0006742,0.0006742
473,21994.5,0.57135,0.36351,0.00753,0.99141,0.97139,0.99148,0.95782,0.3131,0.15321,0.00617,0.0006544,0.0006544,0.0006544
474,22038.9,0.57194,0.35844,0.00749,0.99415,0.97868,0.99217,0.95872,0.31194,0.14276,0.00614,0.0006346,0.0006346,0.0006346
475,22083.6,0.58798,0.38747,0.00764,0.99252,0.9794,0.99233,0.96001,0.3146,0.13534,0.0062,0.0006148,0.0006148,0.0006148
476,22129.6,0.58067,0.37378,0.00779,0.99195,0.98483,0.99234,0.95769,0.31567,0.13378,0.0062,0.000595,0.000595,0.000595
477,22175.6,0.5621,0.35872,0.00742,0.99372,0.98861,0.99231,0.95877,0.31411,0.13389,0.00618,0.0005752,0.0005752,0.0005752
478,22222.1,0.57582,0.37821,0.00751,0.99516,0.98591,0.99225,0.95846,0.31606,0.13543,0.00624,0.0005554,0.0005554,0.0005554
479,22268.3,0.57353,0.37115,0.00752,0.99353,0.99052,0.99219,0.95642,0.31722,0.13374,0.00625,0.0005356,0.0005356,0.0005356
480,22313.9,0.58065,0.37911,0.00767,0.99463,0.98694,0.99214,0.95627,0.31604,0.13413,0.00622,0.0005158,0.0005158,0.0005158
481,22358.8,0.56519,0.37088,0.00728,0.98881,0.97994,0.99194,0.95388,0.31474,0.15187,0.0062,0.000496,0.000496,0.000496
482,22404.1,0.57292,0.36784,0.00751,0.98838,0.98862,0.99211,0.95503,0.31417,0.1439,0.00617,0.0004762,0.0004762,0.0004762
483,22450.5,0.57588,0.38419,0.00771,0.98388,0.99091,0.99213,0.95372,0.31389,0.14788,0.00616,0.0004564,0.0004564,0.0004564
484,22496.6,0.56532,0.37451,0.00732,0.99014,0.97895,0.99219,0.95327,0.31468,0.15064,0.00618,0.0004366,0.0004366,0.0004366
485,22543.1,0.57841,0.38306,0.00743,0.98327,0.97683,0.99221,0.95298,0.31017,0.15123,0.00605,0.0004168,0.0004168,0.0004168
486,22589.6,0.57759,0.3979,0.00758,0.97511,0.99138,0.99217,0.95163,0.30918,0.14778,0.00603,0.000397,0.000397,0.000397
487,22635.8,0.58148,0.37512,0.00756,0.97567,0.98207,0.99208,0.95447,0.30965,0.15341,0.00604,0.0003772,0.0003772,0.0003772
488,22682.3,0.56487,0.36685,0.00733,0.97599,0.98879,0.99217,0.95543,0.30973,0.14422,0.00604,0.0003574,0.0003574,0.0003574
489,22728,0.56444,0.37567,0.00758,0.97198,0.96177,0.99215,0.95455,0.30687,0.15444,0.006,0.0003376,0.0003376,0.0003376
490,22772.5,0.57612,0.36743,0.00773,0.97124,0.98283,0.99218,0.95339,0.30471,0.14904,0.00595,0.0003178,0.0003178,0.0003178
491,22815.7,0.49219,0.26537,0.00863,0.97881,0.98942,0.99206,0.95345,0.30902,0.14858,0.00601,0.000298,0.000298,0.000298
492,22859.5,0.45849,0.22425,0.00797,0.98787,0.97779,0.99205,0.95668,0.3116,0.15592,0.00607,0.0002782,0.0002782,0.0002782
493,22903.6,0.43729,0.21044,0.00768,0.98887,0.99331,0.99217,0.95656,0.31291,0.14127,0.00608,0.0002584,0.0002584,0.0002584
494,22947.7,0.45127,0.21392,0.00785,0.98995,0.98456,0.99162,0.95601,0.3133,0.13895,0.00612,0.0002386,0.0002386,0.0002386
495,22991.4,0.42205,0.19977,0.0073,0.99073,0.97586,0.99152,0.95516,0.31552,0.14256,0.00617,0.0002188,0.0002188,0.0002188
496,23034.4,0.41562,0.19147,0.00734,0.98889,0.96664,0.99161,0.95384,0.3168,0.14465,0.00619,0.000199,0.000199,0.000199
497,23078,0.41371,0.18578,0.00716,0.98034,0.98488,0.9916,0.94748,0.3204,0.14198,0.00627,0.0001792,0.0001792,0.0001792
498,23119.8,0.42109,0.18736,0.00742,0.9811,0.98379,0.99159,0.94449,0.32291,0.14766,0.00631,0.0001594,0.0001594,0.0001594
499,23162.3,0.41599,0.19595,0.00725,0.97759,0.97471,0.99131,0.9433,0.32332,0.16237,0.00631,0.0001396,0.0001396,0.0001396
500,23207,0.41141,0.19256,0.00704,0.97077,0.97664,0.99136,0.94478,0.32451,0.16968,0.0063,0.0001198,0.0001198,0.0001198
